"","word","n"
"1","i",284200
"2","like",78300
"3","i‚Äôm",55900
"4","love",54900
"5","now",43100
"6","up",41000
"7","girl",35800
"8","demi_burnett",31500
"9","no",29600
"10","john",27800
"11","would",25100
"12","next",24100
"13","see",22200
"14","omg",21200
"15","right",20800
"16","ever",19800
"17","will",18700
"18","still",18400
"19","much",17300
"20","girls",17100
"21","need",16300
"22","rose",16100
"23","first",15800
"24","feel",15200
"25","should",13900
"26","over",13800
"27","oh",13200
"28","never",13100
"29","lol",12600
"30","bibi_julz",12500
"31","most",12400
"32","hope",12100
"33","tell",12000
"34","i‚Äôve",11700
"35","guy",11600
"36","b",11500
"37","night",11400
"38","ok",11400
"39","new",11100
"40","people",10900
"41","look",10100
"42","looks",10100
"43","yes",10000
"44","u",9500
"45","needs",9000
"46","wow",8600
"47","mike",8500
"48","tv",8500
"49","give",8100
"50","dude",7500
"51","guys",7500
"52","two",7500
"53","both",7200
"54","live",7200
"55","end",7100
"56","s",6700
"57","m",6600
"58","through",6500
"59","sure",6400
"60","ex",6300
"61","put",6300
"62","deserve",6200
"63","seen",6200
"64","friend",6100
"65","friends",6100
"66","pretty",6100
"67","fuck",6000
"68","while",5700
"69","lot",5600
"70","old",5600
"71","tyler",5600
"72","though",5500
"73","i‚Äôd",5300
"74","mom",5300
"75","ross",5300
"76","wtf",5300
"77","yet",5300
"78","i‚Äôll",5200
"79","luke",5100
"80","cute",4900
"81","seems",4900
"82","producers",4700
"83","left",4600
"84","bc",4500
"85","perfect",4500
"86","pick",4500
"87","big",4400
"88","group",4300
"89","w",4300
"90","hot",4200
"91","cry",4100
"92","queen",4100
"93","send",4100
"94","super",4100
"95","im",4000
"96","until",4000
"97","cool",3800
"98","deserves",3800
"99","enough",3800
"100","knew",3800
"101","jed",3600
"102","respect",3600
"103","rn",3600
"104","demi",3500
"105","k",3500
"106","ugh",3500
"107","dress",3400
"108","nice",3400
"109","peter",3400
"110","5",3300
"111","f",3300
"112","sent",3300
"113","bumper",3200
"114","might",3200
"115","t",3200
"116","entire",3100
"117","fun",3100
"118","high",3100
"119","room",3100
"120","boy",3000
"121","trump",3000
"122","which",3000
"123","r",2900
"124","key",2800
"125","move",2800
"126","true",2800
"127","wouldn‚Äôt",2800
"128","under",2700
"129","bro",2600
"130","loved",2600
"131","scene",2600
"132","sucks",2600
"133","three",2600
"134","yo",2600
"135","chicken",2500
"136","choice",2500
"137","idk",2500
"138","shot",2500
"139","eyes",2400
"140","sienne",2400
"141","suck",2400
"142","tho",2400
"143","throw",2400
"144","voice",2400
"145","c",2300
"146","wills",2300
"147","dumb",2200
"148","lost",2200
"149","low",2200
"150","rest",2200
"151","rock",2200
"152","self",2200
"153","set",2200
"154","turn",2200
"155","6",2100
"156","broke",2100
"157","felt",2100
"158","full",2100
"159","funny",2100
"160","job",2100
"161","school",2100
"162","truly",2100
"163","vote",2100
"164","g",2000
"165","liked",2000
"166","model",2000
"167","o",2000
"168","p",2000
"169","picked",2000
"170","stupid",2000
"171","biggest",1900
"172","choose",1900
"173","guess",1900
"174","h",1900
"175","hi",1900
"176","l",1900
"177","lie",1900
"178","nights",1900
"179","proud",1900
"180","run",1900
"181","shut",1900
"182","tbh",1900
"183","broken",1800
"184","couple",1800
"185","few",1800
"186","food",1800
"187","gross",1800
"188","huh",1800
"189","likes",1800
"190","loves",1800
"191","president",1800
"192","truth",1800
"193","ur",1800
"194","8",1700
"195","found",1700
"196","future",1700
"197","kill",1700
"198","middle",1700
"199","obsessed",1700
"200","red",1700
"201","seem",1700
"202","smh",1700
"203","try",1700
"204","cut",1600
"205","drunk",1600
"206","feels",1600
"207","gives",1600
"208","joe",1600
"209","luck",1600
"210","mueller",1600
"211","spoilers",1600
"212","couch",1500
"213","fence",1500
"214","fight",1500
"215","hug",1500
"216","jump",1500
"217","less",1500
"218","movie",1500
"219","picks",1500
"220","plz",1500
"221","propose",1500
"222","shook",1500
"223","turned",1500
"224","um",1500
"225","upset",1500
"226","boyfriend",1400
"227","close",1400
"228","country",1400
"229","cuz",1400
"230","dick",1400
"231","emily",1400
"232","ends",1400
"233","hold",1400
"234","hurt",1400
"235","older",1400
"236","piece",1400
"237","possible",1400
"238","re",1400
"239","screen",1400
"240","shouldn‚Äôt",1400
"241","sign",1400
"242","terrible",1400
"243","would‚Äôve",1400
"244","7",1300
"245","bip",1300
"246","boo",1300
"247","book",1300
"248","brought",1300
"249","chick",1300
"250","dumped",1300
"251","eye",1300
"252","follow",1300
"253","fool",1300
"254","kick",1300
"255","level",1300
"256","picture",1300
"257","rip",1300
"258","shocked",1300
"259","spot",1300
"260","stuff",1300
"261","till",1300
"262","tried",1300
"263","y",1300
"264","drop",1200
"265","ew",1200
"266","fell",1200
"267","holy",1200
"268","huge",1200
"269","joke",1200
"270","kylie",1200
"271","limo",1200
"272","lose",1200
"273","mood",1200
"274","news",1200
"275","omfg",1200
"276","pee",1200
"277","pls",1200
"278","sense",1200
"279","shoes",1200
"280","uncle",1200
"281","venmo",1200
"282","yr",1200
"283","blue",1100
"284","cruel",1100
"285","decided",1100
"286","e",1100
"287","experience",1100
"288","idiot",1100
"289","kids",1100
"290","led",1100
"291","peru",1100
"292","proposed",1100
"293","roses",1100
"294","sick",1100
"295","side",1100
"296","bless",1000
"297","btw",1000
"298","childhood",1000
"299","d",1000
"300","de",1000
"301","deserved",1000
"302","dropped",1000
"303","dudes",1000
"304","grew",1000
"305","hunter",1000
"306","impressed",1000
"307","lucky",1000
"308","needed",1000
"309","nick",1000
"310","props",1000
"311","pumped",1000
"312","pure",1000
"313","wild",1000
"314","bibi",900
"315","boys",900
"316","bs",900
"317","college",900
"318","enjoy",900
"319","figure",900
"320","film",900
"321","five",900
"322","grocery",900
"323","ice",900
"324","kenny",900
"325","killer",900
"326","lil",900
"327","lt",900
"328","neil",900
"329","nobody",900
"330","nose",900
"331","pictures",900
"332","premiere",900
"333","proposes",900
"334","punch",900
"335","quick",900
"336","respectful",900
"337","sell",900
"338","sexy",900
"339","shirt",900
"340","should‚Äôve",900
"341","silence",900
"342","skip",900
"343","spent",900
"344","spoke",900
"345","stuck",900
"346","student",900
"347","tells",900
"348","th",900
"349","uh",900
"350","yikes",900
"351","blow",800
"352","body",800
"353","bowl",800
"354","bunch",800
"355","chill",800
"356","chose",800
"357","cold",800
"358","cutest",800
"359","decide",800
"360","def",800
"361","desert",800
"362","dressed",800
"363","drive",800
"364","em",800
"365","enewill",800
"366","fire",800
"367","hurts",800
"368","ily",800
"369","joey",800
"370","kid",800
"371","lies",800
"372","looked",800
"373","mn",800
"374","mute",800
"375","nooooo",800
"376","nyc",800
"377","period",800
"378","plot",800
"379","post",800
"380","posted",800
"381","producer",800
"382","quote",800
"383","relief",800
"384","rules",800
"385","sends",800
"386","series",800
"387","service",800
"388","simple",800
"389","steve",800
"390","sup",800
"391","v",800
"392","b‚Äôs",700
"393","bomb",700
"394","bought",700
"395","buy",700
"396","club",700
"397","count",700
"398","crew",700
"399","cried",700
"400","dc",700
"401","driver",700
"402","dump",700
"403","dumps",700
"404","ended",700
"405","feed",700
"406","flight",700
"407","free",700
"408","given",700
"409","grey",700
"410","hopefully",700
"411","j",700
"412","lip",700
"413","mvp",700
"414","noooooo",700
"415","open",700
"416","posts",700
"417","ppl",700
"418","pro",700
"419","row",700
"420","sloth",700
"421","spill",700
"422","spoiler",700
"423","stick",700
"424","sucked",700
"425","supposed",700
"426","third",700
"427","trip",700
"428","trouble",700
"429","turns",700
"430","ugly",700
"431","video",700
"432","voted",700
"433","wreck",700
"434","wth",700
"435","9",600
"436","bf",600
"437","bibs",600
"438","bottle",600
"439","bruh",600
"440","child",600
"441","choices",600
"442","closed",600
"443","currently",600
"444","drill",600
"445","duh",600
"446","dvr",600
"447","feet",600
"448","fest",600
"449","fired",600
"450","fucked",600
"451","fully",600
"452","girl‚Äôs",600
"453","hotel",600
"454","hulu",600
"455","iÔ∏è",600
"456","leo",600
"457","lied",600
"458","lips",600
"459","luyendyk",600
"460","mr",600
"461","multiple",600
"462","murder",600
"463","noooo",600
"464","opens",600
"465","pic",600
"466","pot",600
"467","pretend",600
"468","prove",600
"469","ps",600
"470","pull",600
"471","pulled",600
"472","quirky",600
"473","rid",600
"474","ride",600
"475","rouge",600
"476","rt",600
"477","scott",600
"478","settle",600
"479","sex",600
"480","shoot",600
"481","speech",600
"482","spoken",600
"483","st",600
"484","text",600
"485","tf",600
"486","tired",600
"487","tune",600
"488","ummmm",600
"489","vs",600
"490","wiener",600
"491","woke",600
"492","wrote",600
"493","yessss",600
"494","0",500
"495","bill",500
"496","blessed",500
"497","bottles",500
"498","boyfriends",500
"499","bucket",500
"500","build",500
"501","children",500
"502","co",500
"503","cooper",500
"504","cue",500
"505","demo",500
"506","destroyer",500
"507","die",500
"508","directly",500
"509","dm",500
"510","dry",500
"511","dun",500
"512","energy",500
"513","fellow",500
"514","figured",500
"515","fill",500
"516","fix",500
"517","flew",500
"518","flood",500
"519","fo",500
"520","french",500
"521","geez",500
"522","girlfriend",500
"523","girlfriends",500
"524","guest",500
"525","guided",500
"526","jerk",500
"527","jokes",500
"528","jr",500
"529","killed",500
"530","ledger",500
"531","light",500
"532","los",500
"533","losers",500
"534","loss",500
"535","lots",500
"536","n",500
"537","neck",500
"538","nuts",500
"539","ol",500
"540","olds",500
"541","pig",500
"542","pool",500
"543","pop",500
"544","pre",500
"545","preview",500
"546","priceless",500
"547","promo",500
"548","psycho",500
"549","quest",500
"550","recently",500
"551","river",500
"552","round",500
"553","rude",500
"554","rule",500
"555","scenes",500
"556","sec",500
"557","sentence",500
"558","sesh",500
"559","sh",500
"560","signed",500
"561","smile",500
"562","snl",500
"563","snooze",500
"564","spend",500
"565","spoiled",500
"566","stfu",500
"567","surgery",500
"568","te",500
"569","teeth",500
"570","test",500
"571","tries",500
"572","type",500
"573","umm",500
"574","un",500
"575","wouldn't",500
"576","yelled",500
"577","yesssss",500
"578","500",400
"579","bffs",400
"580","blew",400
"581","boobs",400
"582","boom",400
"583","buddy",400
"584","buggy",400
"585","bugs",400
"586","bull",400
"587","bun",400
"588","burn",400
"589","cc",400
"590","center",400
"591","clmgiudici",400
"592","clue",400
"593","cough",400
"594","cries",400
"595","cross",400
"596","deck",400
"597","defend",400
"598","devil",400
"599","dms",400
"600","dumpster",400
"601","dutch",400
"602","ei",400
"603","emoji",400
"604","er",400
"605","evil",400
"606","expect",400
"607","folks",400
"608","fr",400
"609","friendship",400
"610","fuckboy",400
"611","gem",400
"612","glow",400
"613","ground",400
"614","grounded",400
"615","hickey",400
"616","hidden",400
"617","highlight",400
"618","highlighter",400
"619","ho",400
"620","hoe",400
"621","homie",400
"622","hop",400
"623","idc",400
"624","ill",400
"625","ive",400
"626","jojo",400
"627","kicked",400
"628","knock",400
"629","ku",400
"630","lesleymurph",400
"631","licked",400
"632","lipstick",400
"633","loud",400
"634","lunch",400
"635","md",400
"636","micdrop",400
"637","mostly",400
"638","muted",400
"639","ole",400
"640","oops",400
"641","percent",400
"642","petty",400
"643","picchu",400
"644","pillow",400
"645","present",400
"646","prize",400
"647","prob",400
"648","prom",400
"649","purpose",400
"650","qb",400
"651","reference",400
"652","regrets",400
"653","return",400
"654","roll",400
"655","runner",400
"656","secret",400
"657","ship",400
"658","shouldn't",400
"659","sigh",400
"660","simply",400
"661","six",400
"662","speckle",400
"663","speechless",400
"664","spelled",400
"665","struggle",400
"666","strzok",400
"667","sudden",400
"668","thi",400
"669","threw",400
"670","thrilled",400
"671","tip",400
"672","tuned",400
"673","twice",400
"674","unless",400
"675","videos",400
"676","vp",400
"677","woo",400
"678","ye",400
"679","yellow",400
"680","yesss",400
"681","yessssss",400
"682","yup",400
"683","zero",400
"684","50",300
"685","90s",300
"686","9th",300
"687","bb",300
"688","bff",300
"689","bigger",300
"690","bio",300
"691","blog",300
"692","blood",300
"693","bodies",300
"694","bold",300
"695","booth",300
"696","boss",300
"697","box",300
"698","bpopetv",300
"699","br",300
"700","breeze",300
"701","bts",300
"702","bully",300
"703","cb",300
"704","cells",300
"705","choir",300
"706","chosen",300
"707","clip",300
"708","closet",300
"709","clueless",300
"710","composed",300
"711","cooper‚Äôs",300
"712","cover",300
"713","current",300
"714","cuter",300
"715","dem",300
"716","developed",300
"717","devo",300
"718","died",300
"719","dig",300
"720","dresses",300
"721","ducks",300
"722","dune",300
"723","eggs",300
"724","ejt___",300
"725","empty",300
"726","enjoyed",300
"727","etnow",300
"728","eww",300
"729","ewww",300
"730","exes",300
"731","expected",300
"732","express",300
"733","fe",300
"734","field",300
"735","filled",300
"736","flexible",300
"737","flip",300
"738","fly",300
"739","fresno",300
"740","ftw",300
"741","fu",300
"742","fyi",300
"743","gee",300
"744","gender",300
"745","gf",300
"746","grow",300
"747","guns",300
"748","gurl",300
"749","gym",300
"750","highly",300
"751","hire",300
"752","hmmm",300
"753","holds",300
"754","host",300
"755","hotter",300
"756","hottest",300
"757","hugs",300
"758","hunk",300
"759","i‚Äôs",300
"760","ig",300
"761","imo",300
"762","impede",300
"763","jenny",300
"764","jet",300
"765","jim",300
"766","jk",300
"767","johnny",300
"768","joy",300
"769","jpj",300
"770","judge",300
"771","k‚Äôs",300
"772","keys",300
"773","legs",300
"774","les",300
"775","li",300
"776","lick",300
"777","locked",300
"778","lololol",300
"779","loose",300
"780","lovely",300
"781","mic",300
"782","milk",300
"783","mmmm",300
"784","mmmmm",300
"785","mo",300
"786","moms",300
"787","moved",300
"788","needle",300
"789","neeeeeeed",300
"790","nerves",300
"791","nfl",300
"792","night‚Äôs",300
"793","odd",300
"794","og",300
"795","olympics",300
"796","omgggg",300
"797","opened",300
"798","phd",300
"799","phoenix",300
"800","pilot",300
"801","pod",300
"802","policies",300
"803","popped",300
"804","potter",300
"805","pr",300
"806","predicted",300
"807","premier",300
"808","prettiest",300
"809","previews",300
"810","problem",300
"811","produced",300
"812","prolly",300
"813","proves",300
"814","publicly",300
"815","pup",300
"816","que",300
"817","queens",300
"818","rebounds",300
"819","recent",300
"820","recognize",300
"821","redneck",300
"822","reilly",300
"823","retriever",300
"824","robot",300
"825","rocks",300
"826","role",300
"827","scripted",300
"828","secretly",300
"829","secure",300
"830","shop",300
"831","shots",300
"832","should've",300
"833","shoulder",300
"834","slow",300
"835","smiles",300
"836","smoke",300
"837","speed",300
"838","stir",300
"839","street",300
"840","streets",300
"841","study",300
"842","stunt",300
"843","style",300
"844","subject",300
"845","suddenly",300
"846","sun",300
"847","supplies",300
"848","tb",300
"849","ted",300
"850","thr",300
"851","thru",300
"852","ticket",300
"853","til",300
"854","triggered",300
"855","truffle",300
"856","tub",300
"857","tvs",300
"858","ummm",300
"859","underwood",300
"860","ups",300
"861","velvet",300
"862","venue",300
"863","views",300
"864","votes",300
"865","wi",300
"866","yell",300
"867","yess",300
"868","zoe",300
"869","56",200
"870","5th",200
"871","60",200
"872","6pm",200
"873","760yo",200
"874","7th",200
"875","80s",200
"876","8pm",200
"877","8th",200
"878","90",200
"879","bboothie",200
"880","bff‚Äôs",200
"881","bible",200
"882","bike",200
"883","biz",200
"884","block",200
"885","bloopers",200
"886","boi",200
"887","boojie",200
"888","books",200
"889","boop",200
"890","boots",200
"891","booty",200
"892","bop",200
"893","bound",200
"894","bowles",200
"895","brb",200
"896","bri",200
"897","bride",200
"898","bright",200
"899","bsn",200
"900","bu",200
"901","bud",200
"902","buds",200
"903","buildseries",200
"904","built",200
"905","bullied",200
"906","bullies",200
"907","bum",200
"908","burnt",200
"909","buzz",200
"910","chicks",200
"911","chiefs",200
"912","chooses",200
"913","circle",200
"914","closer",200
"915","code",200
"916","colleges",200
"917","cologne",200
"918","comfy",200
"919","compete",200
"920","composure",200
"921","coo",200
"922","cook",200
"923","coolest",200
"924","copy",200
"925","cost",200
"926","cou",200
"927","country‚Äôs",200
"928","counts",200
"929","crock",200
"930","crocodile",200
"931","cruz",200
"932","cunt",200
"933","curse",200
"934","cuts",200
"935","debt",200
"936","decent",200
"937","ded",200
"938","degree",200
"939","dems",200
"940","denied",200
"941","denver",200
"942","dibs",200
"943","digs",200
"944","direct",200
"945","dirt",200
"946","dirty",200
"947","dpt",200
"948","dpts",200
"949","dr",200
"950","dreck",200
"951","drives",200
"952","dude‚Äôs",200
"953","due",200
"954","dull",200
"955","dunno",200
"956","duo",200
"957","eff",200
"958","el",200
"959","eloquent",200
"960","emily‚Äôs",200
"961","emilykrsire",200
"962","en",200
"963","enews",200
"964","enter",200
"965","eric_bigger",200
"966","etiquette",200
"967","ev",200
"968","ewwww",200
"969","ex‚Äôs",200
"970","excellent",200
"971","expert",200
"972","exposi",200
"973","eyebrows",200
"974","fences",200
"975","flipped",200
"976","flu",200
"977","foot",200
"978","foul",200
"979","foxfriendsfirst",200
"980","fricken",200
"981","fried",200
"982","frozen",200
"983","fry",200
"984","fucker",200
"985","fucks",200
"986","gig",200
"987","gigi",200
"988","giles",200
"989","girllll",200
"990","green",200
"991","grey‚Äôs",200
"992","guide",200
"993","guilty",200
"994","gun",200
"995","hmmmm",200
"996","hmu",200
"997","hobbies",200
"998","hol",200
"999","holes",200
"1000","hollywood",200
"1001","hoo",200
"1002","hooked",200
"1003","hopeful",200
"1004","hopes",200
"1005","hu",200
"1006","hum",200
"1007","humboldt",200
"1008","hundred",200
"1009","hungry",200
"1010","hurry",200
"1011","hype",200
"1012","hyped",200
"1013","icky",200
"1014","id",200
"1015","ii",200
"1016","iii",200
"1017","ilysm",200
"1018","impossible",200
"1019","iq",200
"1020","jed‚Äôs",200
"1021","jeff",200
"1022","jerks",200
"1023","jersey",200
"1024","jobs",200
"1025","josh",200
"1026","ju",200
"1027","jumps",200
"1028","kidd",200
"1029","kills",200
"1030","knuppelrodney",200
"1031","lee",200
"1032","leftyrose",200
"1033","leg",200
"1034","legend",200
"1035","leo‚Äôs",200
"1036","lhhny",200
"1037","lilrunner",200
"1038","lived",200
"1039","lives",200
"1040","lo",200
"1041","loboexplosivo",200
"1042","lobster",200
"1043","lock",200
"1044","lolol",200
"1045","loop",200
"1046","loubs",200
"1047","louie",200
"1048","lowkey",200
"1049","mffl",200
"1050","mi",200
"1051","mil",200
"1052","miles",200
"1053","miller",200
"1054","molly",200
"1055","movies",200
"1056","mu",200
"1057","mueller's",200
"1058","mueller‚Äôs",200
"1059","murdered",200
"1060","nbcolympics",200
"1061","ne",200
"1062","nerve",200
"1063","netflix",200
"1064","nicest",200
"1065","nods",200
"1066","noel_zeek",200
"1067","nooo",200
"1068","noooooooo",200
"1069","nope",200
"1070","nospoilers",200
"1071","obstruct",200
"1072","obstructed",200
"1073","odds",200
"1074","odv5v0urow",200
"1075","ohhh",200
"1076","oldest",200
"1077","olympic",200
"1078","oooh",200
"1079","oooooo",200
"1080","ot",200
"1081","ou",200
"1082","ov",200
"1083","pell",200
"1084","people‚Äôs",200
"1085","perry",200
"1086","pet",200
"1087","pete",200
"1088","pethderek",200
"1089","pff_mike",200
"1090","pg",200
"1091","phi",200
"1092","pie",200
"1093","pieces",200
"1094","pierced",200
"1095","pigs",200
"1096","pile",200
"1097","pilotpete",200
"1098","pixie",200
"1099","pl",200
"1100","plenty",200
"1101","plsss",200
"1102","poop",200
"1103","possibly",200
"1104","pots",200
"1105","prefer",200
"1106","pressure",200
"1107","problems",200
"1108","proceeds",200
"1109","process",200
"1110","project",200
"1111","property",200
"1112","protect",200
"1113","protective",200
"1114","proved",200
"1115","psych",200
"1116","pt",200
"1117","ptsd",200
"1118","public",200
"1119","puppy",200
"1120","q",200
"1121","quiz",200
"1122","quot",200
"1123","receipts",200
"1124","received",200
"1125","recover",200
"1126","referee",200
"1127","reject",200
"1128","rejected",200
"1129","rejects",200
"1130","remove",200
"1131","reno",200
"1132","request",200
"1133","result",200
"1134","reverse",200
"1135","revolves",200
"1136","ripped",200
"1137","rizzo",200
"1138","rly",200
"1139","rocked",200
"1140","rockets",200
"1141","rocky",200
"1142","rogers",200
"1143","roller",200
"1144","romper",200
"1145","root",200
"1146","ros√©",200
"1147","roster",200
"1148","rountree",200
"1149","scoop",200
"1150","scrunchie",200
"1151","se",200
"1152","seccountry",200
"1153","sees",200
"1154","servers",200
"1155","sets",200
"1156","shirtless",200
"1157","sho",200
"1158","shock",200
"1159","shocker",200
"1160","shoe",200
"1161","shoved",200
"1162","shy",200
"1163","sideh0e",200
"1164","sight",200
"1165","silences",200
"1166","silly",200
"1167","sip",200
"1168","skipped",200
"1169","sky",200
"1170","slide",200
"1171","slightly",200
"1172","slot",200
"1173","slowly",200
"1174","slp",200
"1175","smooth",200
"1176","smug",200
"1177","snoozefest",200
"1178","snow",200
"1179","spells",200
"1180","stressed",200
"1181","stretch",200
"1182","studio",200
"1183","stunned",200
"1184","successfully",200
"1185","sue",200
"1186","sums",200
"1187","supposedly",200
"1188","surrounded",200
"1189","suuuuucks",200
"1190","swoop",200
"1191","sync",200
"1192","szn",200
"1193","tbf",200
"1194","tcm",200
"1195","ten",200
"1196","tennessee",200
"1197","terry",200
"1198","texted",200
"1199","texts",200
"1200","texture",200
"1201","thirsty",200
"1202","thirty",200
"1203","thnx",200
"1204","thot",200
"1205","thx",200
"1206","tick",200
"1207","tie",200
"1208","tim",200
"1209","tr",200
"1210","trend",200
"1211","trent",200
"1212","trio",200
"1213","troops",200
"1214","truer",200
"1215","tucker",200
"1216","turkey",200
"1217","turner",200
"1218","turtleneck",200
"1219","tx",200
"1220","ty",200
"1221","types",200
"1222","u.s",200
"1223","ughhhh",200
"1224","ughhhhhh",200
"1225","uhhhh",200
"1226","uhhhhh",200
"1227","uhm",200
"1228","uhmm",200
"1229","ummmmmm",200
"1230","uncut",200
"1231","unspoken",200
"1232","upper",200
"1233","ver",200
"1234","vest",200
"1235","vids",200
"1236","vile",200
"1237","voiceover",200
"1238","whip",200
"1239","wide",200
"1240","wieners",200
"1241","wig",200
"1242","wil",200
"1243","wipe",200
"1244","woods",200
"1245","wou",200
"1246","would've",200
"1247","wouldve",200
"1248","wowwwww",200
"1249","wrestler",200
"1250","wrestlers",200
"1251","wtffffff",200
"1252","wut",200
"1253","wyd",200
"1254","yrs",200
"1255","yuck",200
"1256","z",200
"1257","„ÉÑ",200
"1258","______",100
"1259","_em96_",100
"1260","_kelc",100
"1261","_tstreet",100
"1262","00",100
"1263","05nvewgrdt",100
"1264","0ddc5r0tgh",100
"1265","0lgfenlw8g",100
"1266","0lqgexiyw9",100
"1267","0nthfbikc9",100
"1268","0qemjsdxjb",100
"1269","0sizbvdplt",100
"1270","0tbfxhrs08",100
"1271","0vzbklujcg",100
"1272","0xwqdcpqwd",100
"1273","5'8",100
"1274","50,000",100
"1275","500x",100
"1276","50mxwctijd",100
"1277","50s",100
"1278","55",100
"1279","58e9ng8cmb",100
"1280","58ktx5vw6v",100
"1281","5bvi7bix8q",100
"1282","5df5wsky8g",100
"1283","5e5trkenlu",100
"1284","5ecoywwvsn",100
"1285","5flyvl5lwr",100
"1286","5ibnje6klx",100
"1287","5k",100
"1288","5lluo7kkeq",100
"1289","5lohmbtwpx",100
"1290","5noqkkvqjn",100
"1291","5oekv9odx0",100
"1292","5ojdquwlwl",100
"1293","5qtdv79kuz",100
"1294","5rgqovrvyd",100
"1295","5rwlley5fy",100
"1296","5s5xqysxkc",100
"1297","5uydltwfnk",100
"1298","5vtptxkzod",100
"1299","5xrcsctev8",100
"1300","6,000",100
"1301","600",100
"1302","60mlcnruud",100
"1303","60s",100
"1304","65uwn5zlzx",100
"1305","68eqpiwvt9",100
"1306","6d9lgx65ue",100
"1307","6e0ke8ljnj",100
"1308","6ioljxztez",100
"1309","6lwfbgcfle",100
"1310","6nrvdfdrre",100
"1311","6pfthwtjxi",100
"1312","6plq7csbtx",100
"1313","6pnxfzbmcw",100
"1314","6psuflpijy",100
"1315","6qct7zvjoy",100
"1316","6sx57sdug6",100
"1317","6th",100
"1318","6uvv9qzuec",100
"1319","75obzptwdj",100
"1320","788gsugkg0",100
"1321","78pivzwwys",100
"1322","7c",100
"1323","7ccjjogvdd",100
"1324","7fqh8mjlqf",100
"1325","7ikzqshnle",100
"1326","7nkhohdpmm",100
"1327","7pqknsnkil",100
"1328","7smfljs0gg",100
"1329","7td9eh7qeh",100
"1330","7tlsrpi6vr",100
"1331","7vgxy5kexh",100
"1332","7vpjizugyz",100
"1333","7wrsgmzxyc",100
"1334","80",100
"1335","87y6xc7i5l",100
"1336","89ukhssbvy",100
"1337","8c5v85mqxh",100
"1338","8fnljuvjqg",100
"1339","8hz6xipdsj",100
"1340","8iqlkeqpv6",100
"1341","8irhgfuqve",100
"1342","8irl6bdxf7",100
"1343","8kgfsw8wgl",100
"1344","8khbstibxe",100
"1345","8puf0d8ypu",100
"1346","8quo9ojyzh",100
"1347","8ttswgwcbx",100
"1348","8um8tyiimi",100
"1349","8wuibvigmj",100
"1350","8xbpwyyyeu",100
"1351","8xqmjdj6qr",100
"1352","8xukxqnv8b",100
"1353","8ygfndljtn",100
"1354","8yltrsfxz0",100
"1355","8zmqxjz5n0",100
"1356","90nolcduzy",100
"1357","98zryr5qmu",100
"1358","99",100
"1359","9cpbirskds",100
"1360","9dhzukncmc",100
"1361","9dmlwfwwwo",100
"1362","9fo5ecqzuy",100
"1363","9frcceq5yi",100
"1364","9gdwqwljnv",100
"1365","9gylmqddct",100
"1366","9lnubvnpxd",100
"1367","9mqk0ejdbz",100
"1368","9vwnoe0etv",100
"1369","9wdhlrzom8",100
"1370","b0mnjbfub6",100
"1371","b67_big",100
"1372","b7bwymgmhi",100
"1373","b7pliijrjh",100
"1374","b87hktmkyj",100
"1375","b9ey5npsqv",100
"1376","bbb",100
"1377","bbq",100
"1378","bctlewzi0q",100
"1379","bctmtfrn0h",100
"1380","bctznojeoy",100
"1381","bczti7hygr",100
"1382","bd6dyopdxw",100
"1383","bd7igfbhfb",100
"1384","bdgwfxoojj",100
"1385","bf5wdr0skg",100
"1386","bgb6wo7fwr",100
"1387","bgfijtvogd",100
"1388","bhlc6cs5hw",100
"1389","bht",100
"1390","bi",100
"1391","bib",100
"1392","bibi_julz's",100
"1393","bibi‚Äôs",100
"1394","bids",100
"1395","biel",100
"1396","bigly",100
"1397","bills",100
"1398","bimbos",100
"1399","birth",100
"1400","bjqeurdmv6",100
"1401","bkqrkzioz5",100
"1402","bleed",100
"1403","bleuroux",100
"1404","blhuwobiwc",100
"1405","bljdrdfgkf",100
"1406","blocked",100
"1407","bloody",100
"1408","bloom",100
"1409","blooper",100
"1410","blur",100
"1411","blurry",100
"1412","bm",100
"1413","bmtcxetxvw",100
"1414","bogey‚Äôs",100
"1415","boiz",100
"1416","bombs",100
"1417","boob",100
"1418","booed",100
"1419","bookclub",100
"1420","booked",100
"1421","boooooooo",100
"1422","boooooooooooooooo",100
"1423","boop‚Äôs",100
"1424","boost",100
"1425","boot",100
"1426","bootleg",100
"1427","bossier",100
"1428","bottled",100
"1429","bovcrlgxnw",100
"1430","bow",100
"1431","bowls",100
"1432","boxers",100
"1433","boxes",100
"1434","boy‚Äôs",100
"1435","boycott",100
"1436","boyfrie",100
"1437","boyfriend‚Äôs",100
"1438","bp",100
"1439","bree__xo",100
"1440","bri5xjbt6n",100
"1441","brick",100
"1442","bridge",100
"1443","brie",100
"1444","brief",100
"1445","brighter",100
"1446","brook",100
"1447","brookemiccio",100
"1448","brooklyn",100
"1449","brunch",100
"1450","brunette",100
"1451","bruno",100
"1452","bruv",100
"1453","bsbbuqcdvg",100
"1454","btrcrvgjdp",100
"1455","btx6txcdwx",100
"1456","bubble",100
"1457","buck",100
"1458","buckets",100
"1459","bucketsdntlie",100
"1460","buckle",100
"1461","bucks",100
"1462","buddies",100
"1463","bueno",100
"1464","buffet",100
"1465","bug",100
"1466","buh",100
"1467","bullp",100
"1468","bullpen",100
"1469","bulls",100
"1470","bullsh",100
"1471","buncdcqrok",100
"1472","bunk",100
"1473","buqm8xvycc",100
"1474","burger",100
"1475","burgundy",100
"1476","burke",100
"1477","burned",100
"1478","burnett",100
"1479","bury",100
"1480","buuuhhh",100
"1481","buuuut",100
"1482","buuuuutttt",100
"1483","buuuuuuuttttt",100
"1484","buyer‚Äôs",100
"1485","buys",100
"1486","buzzfeed‚Äôs",100
"1487","bvk",100
"1488","bvknfhqyx5",100
"1489","bw65qzfj9v",100
"1490","bwg0ksg0oi",100
"1491","bxews9dbn6",100
"1492","bzttdfmjkh",100
"1493","c‚Äôs",100
"1494","cbdfcgn8rz",100
"1495","cbs",100
"1496","cbuw0szijt",100
"1497","ccibknxvg0",100
"1498","ccnyfqqubf",100
"1499","cdhdryvbw9",100
"1500","cdtf8ky85m",100
"1501","cece",100
"1502","celtics",100
"1503","cents",100
"1504","ceo",100
"1505","cfxlrnoc5j",100
"1506","cfyqyjhkqw",100
"1507","cgi",100
"1508","ch7zwjmirg",100
"1509","chbc",100
"1510","chi",100
"1511","chickens",100
"1512","chidi",100
"1513","chief",100
"1514","children's",100
"1515","chillll",100
"1516","chilvry",100
"1517","chip",100
"1518","chips",100
"1519","chloe",100
"1520","chloeedrews",100
"1521","cholesterol",100
"1522","chopper",100
"1523","chubbies",100
"1524","chuck",100
"1525","church",100
"1526","cicsdgw569",100
"1527","cider",100
"1528","cig",100
"1529","cirpidlggd",100
"1530","cjcgqjtmtl",100
"1531","cjuhnl7zxb",100
"1532","ck",100
"1533","ck5cenppne",100
"1534","ckboy",100
"1535","ckhlyc8ccy",100
"1536","clever",100
"1537","clients",100
"1538","climb",100
"1539","cloc",100
"1540","clocks",100
"1541","closure",100
"1542","cloud",100
"1543","clouded",100
"1544","clpppil6gj",100
"1545","clutch",100
"1546","clvq0gy7rg",100
"1547","cnokzslulq",100
"1548","cnyemxwdgi",100
"1549","cob",100
"1550","cocky",100
"1551","cocophobic",100
"1552","coded",100
"1553","coges",100
"1554","collect",100
"1555","collectively",100
"1556","collide",100
"1557","colluder",100
"1558","com",100
"1559","com√≠",100
"1560","comic",100
"1561","comm",100
"1562","complex",100
"1563","compost",100
"1564","coo0mpshxg",100
"1565","cooked",100
"1566","cookie",100
"1567","cookies",100
"1568","cos",100
"1569","cotlcdxvqc",100
"1570","counter",100
"1571","cow",100
"1572","coxcomm",100
"1573","cpimkyhqdh",100
"1574","cpschools",100
"1575","cq8fswlhmw",100
"1576","cqpkohmqxp",100
"1577","creds",100
"1578","crgyuztdbo",100
"1579","crickets",100
"1580","croix",100
"1581","crop",100
"1582","crossed",100
"1583","crowd",100
"1584","crumb",100
"1585","crumbs",100
"1586","cruze",100
"1587","crypt",100
"1588","cryptic",100
"1589","cs9lespmqp",100
"1590","ctpbtdnrvx",100
"1591","ctrl",100
"1592","cuddles",100
"1593","cudyfxuugu",100
"1594","cult",100
"1595","curfew",100
"1596","curses",100
"1597","curve",100
"1598","curved",100
"1599","cvwl8nwuxh",100
"1600","cvxlvmqcz0",100
"1601","cwuzttm0jb",100
"1602","cxp0cjozji",100
"1603","cxzoel5s7j",100
"1604","cy0nlkbjv8",100
"1605","cybocs",100
"1606","cycle",100
"1607","cyclops",100
"1608","cyzdgrhcfs",100
"1609","cz805ios5t",100
"1610","czrfrpiiup",100
"1611","d5hjytqvf6",100
"1612","d5zhcwb8q7",100
"1613","d8b5kfnne6",100
"1614","d9cptksdvu",100
"1615","dckfyzfwdj",100
"1616","dcpoll",100
"1617","ddg",100
"1618","ddg's",100
"1619","deb",100
"1620","debrief",100
"1621","deceived",100
"1622","decency",100
"1623","decently",100
"1624","decid",100
"1625","decides",100
"1626","deductible",100
"1627","defe",100
"1628","defends",100
"1629","defi",100
"1630","deflect",100
"1631","delight",100
"1632","delivered",100
"1633","denier",100
"1634","denies",100
"1635","denivbfgih",100
"1636","dense",100
"1637","dent",100
"1638","denyyyce",100
"1639","derek",100
"1640","derserve",100
"1641","dese",100
"1642","deserted",100
"1643","deserv",100
"1644","design",100
"1645","designer",100
"1646","desire",100
"1647","desiree‚Äôs",100
"1648","despu√©s",100
"1649","desserthottub",100
"1650","desserts",100
"1651","destroy",100
"1652","destroyed",100
"1653","destroyers",100
"1654","destroys",100
"1655","devo's",100
"1656","dfmihjmi6g",100
"1657","dfs",100
"1658","dftutmfsnl",100
"1659","dfyernuzcz",100
"1660","dg",100
"1661","di",100
"1662","dies",100
"1663","dimples",100
"1664","diop",100
"1665","dip",100
"1666","directv",100
"1667","dirivtfjnr",100
"1668","diverse",100
"1669","dj",100
"1670","djcuhwnski",100
"1671","djmoleskyhqtv",100
"1672","dk8jzhoqth",100
"1673","dksfyqcfpn",100
"1674","dl",100
"1675","dlchycmfwg",100
"1676","dm‚Äôs",100
"1677","dno",100
"1678","dnq'ed",100
"1679","dpbqvq6utl",100
"1680","dqvteyv5pz",100
"1681","drew",100
"1682","dridmjn9y7",100
"1683","drip",100
"1684","drjszo6",100
"1685","drops",100
"1686","drove",100
"1687","drugs",100
"1688","drums",100
"1689","ds0pbxgfwx",100
"1690","dsjdjbq7fu",100
"1691","dtkle5tlne",100
"1692","duck",100
"1693","duel",100
"1694","duj9vryb6t",100
"1695","dumpy",100
"1696","dunes",100
"1697","dunk",100
"1698","dunked",100
"1699","dunnnn",100
"1700","dur7ws869c",100
"1701","dutqcn7yjy",100
"1702","duuuudddeeeeeeee",100
"1703","duuuude",100
"1704","dwboden",100
"1705","dx7ctdkneb",100
"1706","dxb6tbjowi",100
"1707","dxee5h0gvo",100
"1708","dxl",100
"1709","dzryi5dph8",100
"1710","e's",100
"1711","e00ddfeeeo",100
"1712","e7nxxkbllo",100
"1713","eb7dfrmzgh",100
"1714","ebokelwgje",100
"1715","eckykfqigx",100
"1716","ecotkzfgcc",100
"1717","ed",100
"1718","edge",100
"1719","edwyjmjjm6",100
"1720","ee",100
"1721","eeeee",100
"1722","eeibhwrvsk",100
"1723","eek",100
"1724","eelpozotb7",100
"1725","eeo608",100
"1726","effect",100
"1727","effective",100
"1728","effectively",100
"1729","effects",100
"1730","effed",100
"1731","effver",100
"1732","egdbfiyszm",100
"1733","egypt",100
"1734","eh",100
"1735","eh8gwfiyhu",100
"1736","ehvlyilivi",100
"1737","eij75jdxzr",100
"1738","eiu6odejem",100
"1739","eiydxy6q5j",100
"1740","ejfyzmj80q",100
"1741","elczwrcbz6",100
"1742","elim",100
"1743","eluwmjsstq",100
"1744","elwujsivoq",100
"1745","elysedehlbom",100
"1746","em9nm7zdnh",100
"1747","emilybierly",100
"1748","emilym_burns",100
"1749","empk80xccg",100
"1750","encounter",100
"1751","endless",100
"1752","endure",100
"1753","enqsmzpodv",100
"1754","ensembles",100
"1755","ensure",100
"1756","enters",100
"1757","entirely",100
"1758","enuf",100
"1759","envelope",100
"1760","eqk8wfmmqb",100
"1761","eqww6gjqcm",100
"1762","eric",100
"1763","ericlentz_",100
"1764","erqrk0jqop",100
"1765","errm",100
"1766","erupted",100
"1767","eryeyxplmz",100
"1768","esefko",100
"1769","espero",100
"1770","espn",100
"1771","esque",100
"1772","est√°",100
"1773","estim",100
"1774","etc",100
"1775","ethics",100
"1776","etsy",100
"1777","euidkrwzx6",100
"1778","europe",100
"1779","eurotrip",100
"1780","eve",100
"1781","evergreen",100
"1782","evidence",100
"1783","evolve",100
"1784","evolves",100
"1785","ew7sjchwmz",100
"1786","ewwwwww",100
"1787","exceeded",100
"1788","excerpt",100
"1789","excessively",100
"1790","executives",100
"1791","exeedbvyhf",100
"1792","expects",100
"1793","experienced",100
"1794","experiences",100
"1795","explode",100
"1796","extended",100
"1797","extr",100
"1798","ey5mdvciiv",100
"1799","eyelids",100
"1800","eyx9lftqwr",100
"1801","ezq85oxwwm",100
"1802","f‚Äôn",100
"1803","fb",100
"1804","fbpdm0d9wh",100
"1805","fckn",100
"1806","fcmkvvqqlk",100
"1807","fdb",100
"1808","fdc7d7czuj",100
"1809","fdzeskiehir",100
"1810","fed",100
"1811","fee",100
"1812","feeds",100
"1813","fellowkids",100
"1814","femur",100
"1815","fergie",100
"1816","fern",100
"1817","fersure",100
"1818","fertilized",100
"1819","fetch",100
"1820","feud",100
"1821","fevowrsjum",100
"1822","fggeijhkrk",100
"1823","fgqqnxjgjy",100
"1824","fhqyiedlw5",100
"1825","fi",100
"1826","fickle",100
"1827","fiddle",100
"1828","fiddles",100
"1829","fiend",100
"1830","fighter",100
"1831","fighters",100
"1832","fights",100
"1833","fillers",100
"1834","filter",100
"1835","filthy",100
"1836","firm‚Äôs",100
"1837","fixer",100
"1838","fjqphptqmr",100
"1839","fkn",100
"1840","fleek",100
"1841","flex",100
"1842","flhospi",100
"1843","flies",100
"1844","flights",100
"1845","flmqqjsm6w",100
"1846","flops",100
"1847","flounce",100
"1848","flow",100
"1849","fmzidec5pi",100
"1850","fndghpjzuy",100
"1851","foh",100
"1852","foil",100
"1853","fojfshzh8c",100
"1854","fomo",100
"1855","fooled",100
"1856","fools",100
"1857","fooooooool",100
"1858","foooshoooo",100
"1859","founder",100
"1860","fox",100
"1861","foxes",100
"1862","fpvkshfubm",100
"1863","fred",100
"1864","freddie",100
"1865","freeze",100
"1866","freshies",100
"1867","freshjo7",100
"1868","fret",100
"1869","frickkkk",100
"1870","fridge",100
"1871","friend's",100
"1872","friendships",100
"1873","fries",100
"1874","friggen",100
"1875","frightens",100
"1876","frkn",100
"1877","frog",100
"1878","frogs",100
"1879","froze",100
"1880","frpnku0sxs",100
"1881","fsdywrtlfq",100
"1882","ft",100
"1883","ftkvfzjjgn",100
"1884","ftlsczyqyp",100
"1885","ftr",100
"1886","fucccc",100
"1887","fuck‚Äôs",100
"1888","fuckboiiiiiiiiiiiii",100
"1889","fuckboys",100
"1890","fuckedup",100
"1891","fuckk",100
"1892","fuckkkk",100
"1893","fuckkkkk",100
"1894","fueled",100
"1895","fulfill",100
"1896","funds",100
"1897","funniest",100
"1898","fuq",100
"1899","fuqboi",100
"1900","fur",100
"1901","furever",100
"1902","fury",100
"1903","fuu",100
"1904","fuxdhlommi",100
"1905","fv5qo5zs6s",100
"1906","fw",100
"1907","fwdgim066m",100
"1908","fwikz7crum",100
"1909","fwiw",100
"1910","fwjggw7mbz",100
"1911","fxnkgybxpb",100
"1912","fxz6djevlh",100
"1913","g6yi7ghnxi",100
"1914","g7qptgrmvl",100
"1915","g8ixrnzd5s",100
"1916","g8rgwoc5jf",100
"1917","gbkibguyhm",100
"1918","gdrg6ekq0u",100
"1919","ge",100
"1920","geeks",100
"1921","geller",100
"1922","gellomb",100
"1923","gemxptwrmz",100
"1924","genes",100
"1925","genetic",100
"1926","gentle",100
"1927","gents",100
"1928","gere",100
"1929","germs",100
"1930","ggl_lopez",100
"1931","ggpoeecqew",100
"1932","ghost",100
"1933","ghosted",100
"1934","gi",100
"1935","gibbs",100
"1936","giddy",100
"1937","gigem",100
"1938","gigs",100
"1939","gill",100
"1940","girl's",100
"1941","girlfriend's",100
"1942","girlie",100
"1943","girlll",100
"1944","girllllllllllllllll",100
"1945","girlno",100
"1946","girlsnight",100
"1947","girlsruleboysdrool",100
"1948","girrrrllll",100
"1949","gj5qmmgx9l",100
"1950","gjooow6kxp",100
"1951","gl9m6ffe9q",100
"1952","glen",100
"1953","glg50cdc9d",100
"1954","glick",100
"1955","glo",100
"1956","glob",100
"1957","gloss",100
"1958","glow‚Äôd",100
"1959","glowgirl",100
"1960","glowgirls",100
"1961","glowy",100
"1962","gltgkzqot0",100
"1963","glued",100
"1964","gly07w5bsz",100
"1965","gmcciktd8j",100
"1966","gmftibnp5q",100
"1967","gmiwlubcpr",100
"1968","gmqryz6jxs",100
"1969","gqhvntxtcz",100
"1970","gqsssuu8jn",100
"1971","gqwvbc0hsx",100
"1972","gr",100
"1973","gr9cwtshjj",100
"1974","greb",100
"1975","greed",100
"1976","greenies",100
"1977","greet",100
"1978","grid",100
"1979","grief",100
"1980","grieve",100
"1981","grieves",100
"1982","grill",100
"1983","grille",100
"1984","grim",100
"1985","grjjxfeqvc",100
"1986","groceries",100
"1987","grogery",100
"1988","grohl",100
"1989","groovy",100
"1990","grossed",100
"1991","grosses",100
"1992","grossest",100
"1993","groups",100
"1994","grove",100
"1995","grows",100
"1996","growth",100
"1997","grp",100
"1998","gsn7idt9xb",100
"1999","gu5fpvojhc",100
"2000","gue",100
"2001","guenzler",100
"2002","guilt",100
"2003","gulliver‚Äôs",100
"2004","gully",100
"2005","gum",100
"2006","gummie",100
"2007","gurlllllll",100
"2008","guru",100
"2009","gut",100
"2010","gvhhx6iujm",100
"2011","gvyfbv5x00",100
"2012","gypsyqueen",100
"2013","gz8ruj9dwr",100
"2014","h5hfcylqcf",100
"2015","h5urilklbg",100
"2016","h7dyryticv",100
"2017","h9nlk6wnpi",100
"2018","hb",100
"2019","hbcu",100
"2020","hboji5fjw8",100
"2021","hcikeki8sv",100
"2022","hdcqrlmvki",100
"2023","hdyzn65fvg",100
"2024","hghp5ivuke",100
"2025","hi8",100
"2026","hiccup",100
"2027","hick",100
"2028","hid",100
"2029","hide",100
"2030","highkey",100
"2031","hiiiiiiiiiiiiiiiiiiiiiiiiiiiiiiiiiiiiiiiiiiiiiii",100
"2032","hike",100
"2033","hips",100
"2034","hired",100
"2035","hjbzxxxqdq",100
"2036","hk8zsq5ypz",100
"2037","hktqhmbmtm",100
"2038","hlsfzk6h68",100
"2039","hmm",100
"2040","hmmmmm",100
"2041","hmnhj9ndxn",100
"2042","hnikolee",100
"2043","ho‚Äôs",100
"2044","hobfffojw8",100
"2045","hockey",100
"2046","hodge",100
"2047","hole",100
"2048","homies",100
"2049","hook",100
"2050","hoop",100
"2051","hoops",100
"2052","hoot",100
"2053","hootch",100
"2054","hopeburns97",100
"2055","hopped",100
"2056","hosted",100
"2057","hostile",100
"2058","hotness",100
"2059","hottie",100
"2060","hpbuleemts",100
"2061","hqzlvdbtwd",100
"2062","hrs",100
"2063","hrxsbxcyp9",100
"2064","hs7bmhueqr",100
"2065","htz95q5cdh",100
"2066","huffpostent",100
"2067","hugh",100
"2068","hun",100
"2069","hundreds",100
"2070","hung",100
"2071","hunny",100
"2072","hunts",100
"2073","hur",100
"2074","hurrrrrs",100
"2075","hurtful",100
"2076","hvzyjogxyl",100
"2077","hxire5fclr",100
"2078","hybrid",100
"2079","hydujm6ruq",100
"2080","hypes",100
"2081","hypocr",100
"2082","hzf7khdfle",100
"2083","hzzcqihxpm",100
"2084","i5ipuwddbd",100
"2085","ib9bsdzjeh",100
"2086","ibm6ptccfm",100
"2087","ick",100
"2088","icymi",100
"2089","idek",100
"2090","idiots",100
"2091","idkkk",100
"2092","idmpop5rls",100
"2093","idyrxqnrpj",100
"2094","igjbuequcf",100
"2095","igqueen",100
"2096","ii6g8hngxl",100
"2097","iike",100
"2098","iikxb5rlfg",100
"2099","ij0opwirrr",100
"2100","ijtmwhp0qp",100
"2101","iksxrevixb",100
"2102","ikuziemko",100
"2103","ikxokrmnfl",100
"2104","ilhfj8msst",100
"2105","illl",100
"2106","imlost",100
"2107","impeded",100
"2108","implies",100
"2109","impotent",100
"2110","impressive",100
"2111","impro",100
"2112","improve",100
"2113","impt",100
"2114","ims",100
"2115","imuthbk9md",100
"2116","iodklyiktu",100
"2117","iokyjeuwp9",100
"2118","iooqjooodb",100
"2119","ipvvrlkbgp",100
"2120","iqkhffgpex",100
"2121","iÔ∏èt",100
"2122","iu87iw9mg0",100
"2123","iujmcxnvyy",100
"2124","iuqswnqhms",100
"2125","iuwrwky8f7",100
"2126","iv",100
"2127","iv9ymlfglk",100
"2128","ivt9omc7wh",100
"2129","ix",100
"2130","ixjdfgbcc6",100
"2131","ixqckwtfow",100
"2132","izowws9zns",100
"2133","izz",100
"2134","j_schneider007",100
"2135","j00tgq5c86",100
"2136","j5mkpfnlhk",100
"2137","j8izv7r5z7",100
"2138","jbi96zgevx",100
"2139","jbxlr5ztqb",100
"2140","jclsmdxxps",100
"2141","jcvguxircc",100
"2142","jd5plgzpqr",100
"2143","jee89jwotg",100
"2144","jeez",100
"2145","jeezco8w9d",100
"2146","jef",100
"2147","jeffries",100
"2148","jefholm",100
"2149","jen__hm",100
"2150","jenner",100
"2151","jenners",100
"2152","jessrosez",100
"2153","jevkqxhrvv",100
"2154","jgftx0lyye",100
"2155","jgjodeocqx",100
"2156","jill",100
"2157","jirgl",100
"2158","jivkovshro",100
"2159","jix8ibxoxy",100
"2160","jj",100
"2161","jkt98s5bgs",100
"2162","jktunney",100
"2163","jkuktslh8o",100
"2164","jmiw8rzezl",100
"2165","jntg8qdm0m",100
"2166","jnwpkgscnd",100
"2167","jo",100
"2168","joder",100
"2169","joelriddell",100
"2170","joeszewski",100
"2171","jojo's",100
"2172","joker",100
"2173","jp",100
"2174","jpeg",100
"2175","jpg",100
"2176","jpltgzlxj5",100
"2177","js",100
"2178","jsvgibjpef",100
"2179","jtgkznvidp",100
"2180","jtnckvgbgu",100
"2181","jtyksirhzj",100
"2182","jucy",100
"2183","judgy",100
"2184","juhkrhvvlf",100
"2185","juice",100
"2186","juicy",100
"2187","jumped",100
"2188","june",100
"2189","junk",100
"2190","jut",100
"2191","juul",100
"2192","jvevuhp7xq",100
"2193","jwhvzfwvcb",100
"2194","jwsvxkvps7",100
"2195","jxslwk8yob",100
"2196","jxzrdk8xxp",100
"2197","jy8tzfb8lv",100
"2198","jymzm79v5q",100
"2199","jyvm7vkuiu",100
"2200","k_hiky",100
"2201","k0x9nf6kxu",100
"2202","k6r9juqtgm",100
"2203","k89xhleomu",100
"2204","k95swhbttt",100
"2205","kbouvyzqux",100
"2206","kccbkmzxqy",100
"2207","ked",100
"2208","kednquffsn",100
"2209","kellykeegs",100
"2210","ken",100
"2211","kendell",100
"2212","kenny‚Äôs",100
"2213","kettle",100
"2214","kgfxjrjswr",100
"2215","kgn8rv6wjr",100
"2216","kgxh6lrd5y",100
"2217","kim",100
"2218","kimmi",100
"2219","kjqbwpuxgs",100
"2220","kn",100
"2221","knee",100
"2222","knewwwww",100
"2223","knhq5jodsd",100
"2224","knives",100
"2225","knocked",100
"2226","knocker",100
"2227","knocks",100
"2228","knoxdiver",100
"2229","knoxville",100
"2230","knzwfrcier",100
"2231","kp",100
"2232","kq00mvvkwz",100
"2233","kqgvtuwuio",100
"2234","kr",100
"2235","kr58tyxt7q",100
"2236","kr6ckrz5dn",100
"2237","krbohyh7rq",100
"2238","kreylvehw6",100
"2239","krooshyyyy",100
"2240","krtm9dtylh",100
"2241","krvmtxixjh",100
"2242","krystle",100
"2243","ks",100
"2244","ksbtrexpfv",100
"2245","ksz5d9jdhv",100
"2246","ktnv",100
"2247","kttuqxkkec",100
"2248","kuzco",100
"2249","kxfe7vrulx",100
"2250","kyd",100
"2251","kyhrx9d6sh",100
"2252","kyswgxph6f",100
"2253","kzcuwwdlcl",100
"2254","l0mn9i0uwu",100
"2255","l7ztnhdxwj",100
"2256","l8pylpnmhq",100
"2257","l8sptqlswo",100
"2258","l9fsbhtk6n",100
"2259","l9ksc7spsc",100
"2260","lbd",100
"2261","lbs",100
"2262","lebowski",100
"2263","lecture",100
"2264","lectures",100
"2265","legged",100
"2266","lel6gnkvre",100
"2267","levels",100
"2268","lezl0vcssg",100
"2269","lfgsg7klve",100
"2270","lfphkxy7hq",100
"2271","lg",100
"2272","lhhny's",100
"2273","lhnpvbtt6j",100
"2274","libre",100
"2275","libs",100
"2276","licks",100
"2277","lig",100
"2278","lijed",100
"2279","lik",100
"2280","likely",100
"2281","likkkkeee",100
"2282","liljohn",100
"2283","liloumikey",100
"2284","lilredrooster",100
"2285","lilwiener",100
"2286","lily",100
"2287","limb",100
"2288","limp",100
"2289","lipglosses",100
"2290","liv",100
"2291","liv_lutz",100
"2292","lizzie",100
"2293","lkvwghudcb",100
"2294","lkwwze7egw",100
"2295","llhlzuh7li",100
"2296","llhnmgmvlu",100
"2297","llke",100
"2298","llynmopfv8",100
"2299","lm",100
"2300","lm6xuhkuhx",100
"2301","lmckelvey",100
"2302","lmmjxetidi",100
"2303","ln",100
"2304","loco",100
"2305","logic",100
"2306","loki",100
"2307","lolll",100
"2308","lolllll",100
"2309","lolzz",100
"2310","loml",100
"2311","loooove",100
"2312","loooveeee",100
"2313","loosen",100
"2314","losee",100
"2315","lottttt",100
"2316","louder",100
"2317","lov",100
"2318","loveee",100
"2319","loveeee",100
"2320","loveeeeeee",100
"2321","loveu",100
"2322","lpbtkwfqfj",100
"2323","lpsnnemxgj",100
"2324","lrkilgroe",100
"2325","lrkoq0bj8t",100
"2326","ls",100
"2327","lucl",100
"2328","lucy",100
"2329","lucy‚Äôs",100
"2330","luke‚Äôs",100
"2331","lunes",100
"2332","lunged",100
"2333","lunny",100
"2334","lure",100
"2335","luren",100
"2336","lurid",100
"2337","lutel",100
"2338","luv",100
"2339","luyendick",100
"2340","luyendyk‚Äôs",100
"2341","luyendyke",100
"2342","lvf7mtxuwb",100
"2343","lwjrgpgjxp",100
"2344","lxdjcjeeef",100
"2345","lxwpqh75bs",100
"2346","lyevo0vyvd",100
"2347","lyrics",100
"2348","lythrixutr",100
"2349","lyve",100
"2350","lzeu06xl9g",100
"2351","lzgjcr77jm",100
"2352","lzouqsgxye",100
"2353","m's",100
"2354","m‚Äômmmm",100
"2355","m6mb7bzhol",100
"2356","m7edurvykw",100
"2357","m8poc9fsyn",100
"2358","mcguire",100
"2359","mckebx9n6t",100
"2360","mclqkfkoo6",100
"2361","mcnutt",100
"2362","mdbz6tn7bo",100
"2363","mdvpnibzml",100
"2364","mf",100
"2365","mfhwd0lhst",100
"2366","mfjztetcr8",100
"2367","mh5nkndl8s",100
"2368","mhmm",100
"2369","mhmqyzyths",100
"2370","mi7bd5ighx",100
"2371","mice",100
"2372","michcoll",100
"2373","micro",100
"2374","mid",100
"2375","might've",100
"2376","mikey",100
"2377","milb",100
"2378","mile",100
"2379","miley",100
"2380","mill",100
"2381","mills",100
"2382","millsy",100
"2383","miquelle",100
"2384","mix",100
"2385","mixer",100
"2386","mixsbkru8x",100
"2387","miz",100
"2388","mj",100
"2389","mjkv8tijtx",100
"2390","mjui9fic7n",100
"2391","mkhbohvpct",100
"2392","mktvssgymp",100
"2393","mlb",100
"2394","mmms",100
"2395","mn6rrtpgws",100
"2396","mncsp9p0op",100
"2397","mnnice",100
"2398","mnproud",100
"2399","mnvt7mwiyk",100
"2400","mnzoo",100
"2401","mock",100
"2402","mocked",100
"2403","modern",100
"2404","moe",100
"2405","mogul",100
"2406","mohixdhxcy",100
"2407","molburnz",100
"2408","molested",100
"2409","moly",100
"2410","mom:yes",100
"2411","mom's",100
"2412","mom‚Äôs",100
"2413","moo",100
"2414","ùôàùôäùôäùòø",100
"2415","moodiest",100
"2416","moooom",100
"2417","mos",100
"2418","mov",100
"2419","moves",100
"2420","mpls",100
"2421","mpysbcjtp7",100
"2422","mqk8kq7l8n",100
"2423","mqsui0qhhb",100
"2424","mqxj9nzvbp",100
"2425","mrierieg",100
"2426","mrt9shhbow",100
"2427","ms9ezsvtiu",100
"2428","msdczvyrsq",100
"2429","msnbc",100
"2430","mtijccirbc",100
"2431","mtpsbcsvf0",100
"2432","muddy",100
"2433","muell",100
"2434","mugshot",100
"2435","muizyfdxrl",100
"2436","mules",100
"2437","mully",100
"2438","muqlttg6gx",100
"2439","murders",100
"2440","murphy's",100
"2441","mvqwnrbhvb",100
"2442","mvulzfijkp",100
"2443","mwnxvntegk",100
"2444","mwufixqj7d",100
"2445","mxvog5pbwd",100
"2446","mzmmotildi",100
"2447","n.c",100
"2448","n7tmvdk7gk",100
"2449","n887frqkls",100
"2450","n8vo7iyowi",100
"2451","n9zmjv9vp5",100
"2452","nbc",100
"2453","nbcsn",100
"2454","nbcsnl",100
"2455","ncf5leoh76",100
"2456","nck9knpned",100
"2457","ndgb5qdsjj",100
"2458","ndreefnobw",100
"2459","ndvgeszqhd",100
"2460","ndwg7lkwmk",100
"2461","needledick",100
"2462","nellys",100
"2463","ner",100
"2464","nerd",100
"2465","net",100
"2466","nets",100
"2467","netzy_",100
"2468","neverrrrrrr",100
"2469","nevever",100
"2470","newbie",100
"2471","newsroom",100
"2472","nex",100
"2473","nfc",100
"2474","nftyv7kqku",100
"2475","ng",100
"2476","ng78olbtfl",100
"2477","nghfclvowo",100
"2478","ngl",100
"2479","ngqbwscwch",100
"2480","nh0yvwfdie",100
"2481","nhlv5njgkr",100
"2482","nhvkeqfsnr",100
"2483","ni",100
"2484","nick‚Äôs",100
"2485","nicky",100
"2486","niebzgxknb",100
"2487","niece",100
"2488","nig",100
"2489","night's",100
"2490","nipples",100
"2491","njnljoclpz",100
"2492","njycxwrxt6",100
"2493","nl5gyg5djy",100
"2494","nmgyyfmpyx",100
"2495","nmsiulnugj",100
"2496","nmwps8cm6l",100
"2497","nnnooooo",100
"2498","nom",100
"2499","noodle",100
"2500","nooooooo",100
"2501","noooooooooooooo",100
"2502","novels",100
"2503","now‚Äôs",100
"2504","nqxbtxfkfk",100
"2505","nrkzdk6sfh",100
"2506","nrskftqu7u",100
"2507","nrutt5iyfn",100
"2508","nsjbl6dtfg",100
"2509","ntrnkyrgqy",100
"2510","ntwzyvimnt",100
"2511","ntx0cz9eig",100
"2512","nu9ldpixnu",100
"2513","nubkwvyjql",100
"2514","numbskull",100
"2515","nut",100
"2516","nutrol",100
"2517","nv08oupwoe",100
"2518","nw89mlslvk",100
"2519","nxez5kedms",100
"2520","nye",100
"2521","nyl8p608yt",100
"2522","nypost",100
"2523","nzqyupzovg",100
"2524","o5bgdwuuhu",100
"2525","o6uwp60mmv",100
"2526","o6x8fpm9tz",100
"2527","o6ymb9rxpj",100
"2528","obscene",100
"2529","obsessive",100
"2530","obsuvtgseg",100
"2531","obv",100
"2532","obvs",100
"2533","ocd",100
"2534","odqdpeomjc",100
"2535","oegpxzfxcl",100
"2536","og7eri0jmg",100
"2537","ogp6kyvypl",100
"2538","oh0zqvprex",100
"2539","oh6qpefmmk",100
"2540","ohhhh",100
"2541","ohhhhjocelyn",100
"2542","oil",100
"2543","oixvkcskbp",100
"2544","oiy78wk0d0",100
"2545","okeyyy",100
"2546","okk",100
"2547","okkkkkk",100
"2548","okurrrrrr",100
"2549","olbxvuozfm",100
"2550","olde",100
"2551","olieqmhhwd",100
"2552","olive",100
"2553","ollllll",100
"2554","ommmgggg",100
"2555","oo",100
"2556","ooo",100
"2557","ooohhhhhh",100
"2558","ooooh",100
"2559","oooohhhhhh",100
"2560","ooooohhh",100
"2561","oooooooooo",100
"2562","oooooooooooo",100
"2563","op6ysiry8y",100
"2564","openers",100
"2565","opkjtrqj0l",100
"2566","opposed",100
"2567","opt",100
"2568","opted",100
"2569","os",100
"2570","ose",100
"2571","otch",100
"2572","otf",100
"2573","otter",100
"2574","otyvuvd6ic",100
"2575","ouch",100
"2576","oue7w8e9hk",100
"2577","ounce",100
"2578","ounxkrxjgv",100
"2579","ovened",100
"2580","overlooked",100
"2581","overnight",100
"2582","overrun",100
"2583","oversight",100
"2584","ovr",100
"2585","ow",100
"2586","owl",100
"2587","owlhix",100
"2588","ox",100
"2589","oy",100
"2590","oye",100
"2591","oyster",100
"2592","p.m",100
"2593","p.s",100
"2594","p‚Äôs",100
"2595","p5ww6pyolc",100
"2596","p6zgycmncm",100
"2597","pcrhttnkm5",100
"2598","pcwvrmnm8d",100
"2599","pd5ywrscb8",100
"2600","pd78r5uijv",100
"2601","pe",100
"2602","pebble",100
"2603","pedicure",100
"2604","peebles",100
"2605","peel",100
"2606","peer",100
"2607","pefect",100
"2608","pegged",100
"2609","peoole",100
"2610","per",100
"2611","perky",100
"2612","perplexed",100
"2613","pers",100
"2614","peter‚Äôs",100
"2615","peters",100
"2616","pew7uok7ps",100
"2617","pfewp8tdqx",100
"2618","pffff",100
"2619","pgg589j8ss",100
"2620","phhh",100
"2621","phillip",100
"2622","philly",100
"2623","pickens",100
"2624","picnic",100
"2625","piigbkccbg",100
"2626","piles",100
"2627","pillows",100
"2628","pivots",100
"2629","pixster",100
"2630","pizxdexv7c",100
"2631","pj",100
"2632","pkdsvmjjd9",100
"2633","pkemlvdhbz",100
"2634","pll",100
"2635","plots",100
"2636","plssss",100
"2637","plunge",100
"2638","plzno",100
"2639","plzzzz",100
"2640","pnw",100
"2641","po7yxcteo6",100
"2642","pocket",100
"2643","podge",100
"2644","podium",100
"2645","poem",100
"2646","poetry",100
"2647","poker",100
"2648","policy",100
"2649","polo",100
"2650","pope",100
"2651","popemoysuh",100
"2652","popes",100
"2653","pophollywood_",100
"2654","pos",100
"2655","pose",100
"2656","posed",100
"2657","potty",100
"2658","pound",100
"2659","pov",100
"2660","pp",100
"2661","ppuutsqv6l",100
"2662","pqhdcslicn",100
"2663","pqpmspo5tu",100
"2664","pqtgwzqhup",100
"2665","precipice",100
"2666","predict",100
"2667","prequel",100
"2668","pres",100
"2669","prescott",100
"2670","presence",100
"2671","presented",100
"2672","presents",100
"2673","presh",100
"2674","presidency",100
"2675","press",100
"2676","pressu",100
"2677","prettie",100
"2678","prettyboykenny",100
"2679","prey",100
"2680","prez",100
"2681","price",100
"2682","prick",100
"2683","pride",100
"2684","privilege",100
"2685","probs",100
"2686","product",100
"2687","products",100
"2688","projectile",100
"2689","promos",100
"2690","promoted",100
"2691","prompts",100
"2692","proper",100
"2693","proposer",100
"2694","propped",100
"2695","propst7",100
"2696","protecti",100
"2697","proudly",100
"2698","proverbs",100
"2699","providers",100
"2700","provoked",100
"2701","prq6yrdqdg",100
"2702","ps90gh78hp",100
"2703","psfjxkylyr",100
"2704","psizt5zmxq",100
"2705","psurrg5cxj",100
"2706","psychology",100
"2707","ptbqlfl0bk",100
"2708","ptewlyvsct",100
"2709","ptspcfgzbj",100
"2710","publicized",100
"2711","pucjbqehxg",100
"2712","pues",100
"2713","puke",100
"2714","puked",100
"2715","pul",100
"2716","pulls",100
"2717","pun",100
"2718","puns",100
"2719","punted",100
"2720","puppeteer",100
"2721","puppies",100
"2722","pureeeee",100
"2723","purest",100
"2724","purposeful",100
"2725","purposely",100
"2726","puti",100
"2727","puts",100
"2728","puttputt",100
"2729","pvcqwqpunt",100
"2730","pvlzovzosi",100
"2731","pwfzhldvgs",100
"2732","pwxy8r5pbg",100
"2733","px8srnnthh",100
"2734","px9tjncopw",100
"2735","pxkhsllecp",100
"2736","pxnvd8digc",100
"2737","pxsvoibsih",100
"2738","pytx79ig8t",100
"2739","q5mmdsbktk",100
"2740","q6hntdflpc",100
"2741","q96qelcqwp",100
"2742","qbdibcwplm",100
"2743","qbtyhwlo9z",100
"2744","qcuq76zjoe",100
"2745","qdtqm0mqi9",100
"2746","qduddigdew",100
"2747","qgcn7irliy",100
"2748","qhuxqqsguw",100
"2749","qioxjciuvq",100
"2750","qjfmlgfxze",100
"2751","qknuihxfjt",100
"2752","qkvdfsjjys",100
"2753","qlfoz60bcr",100
"2754","qlojop5cdd",100
"2755","qmdpozdbxk",100
"2756","qmfiespiyt",100
"2757","qnvoohz8rk",100
"2758","qpqrcp0ckm",100
"2759","qqd9odmzlh",100
"2760","qqeklgprjn",100
"2761","qqpy6bbxqc",100
"2762","qr88tz0zlb",100
"2763","qsbkt8vdxt",100
"2764","qu",100
"2765","queer",100
"2766","questio",100
"2767","queue",100
"2768","queues",100
"2769","qui",100
"2770","quicker",100
"2771","quickest",100
"2772","quickie",100
"2773","quiet",100
"2774","quietly",100
"2775","quirks",100
"2776","quiznoy",100
"2777","quoted",100
"2778","qvggvsjhxf",100
"2779","qwfltfgq9q",100
"2780","qwkzzfrnpv",100
"2781","qwvs8yokhq",100
"2782","qzjyszy5hk",100
"2783","r5hkngjyho",100
"2784","r60cs9ompw",100
"2785","r6jkldz9ke",100
"2786","r7qdde6g6p",100
"2787","r88wsuhdtc",100
"2788","r9vcyqibp8",100
"2789","rb",100
"2790","rbf",100
"2791","rbwbgfxumd",100
"2792","rccgdqjiow",100
"2793","rch",100
"2794","rcli9ytucr",100
"2795","rd09i8wwni",100
"2796","rd5vn9ckxo",100
"2797","rdje5wgndl",100
"2798","rdpurymm7z",100
"2799","reb",100
"2800","reboot",100
"2801","rebound",100
"2802","rec",100
"2803","recessive",100
"2804","recipe",100
"2805","recognized",100
"2806","redeem",100
"2807","redrocksco",100
"2808","reel",100
"2809","reelnerdy",100
"2810","refer",100
"2811","referred",100
"2812","reflect",100
"2813","reflective",100
"2814","rejm8zms0h",100
"2815","relieved",100
"2816","relievers",100
"2817","remix",100
"2818","rent",100
"2819","require",100
"2820","required",100
"2821","requires",100
"2822","res",100
"2823","rescue",100
"2824","resemble",100
"2825","reserved",100
"2826","respectfully",100
"2827","restroom",100
"2828","ret",100
"2829","retire",100
"2830","retrieve",100
"2831","retrievers",100
"2832","retrospective",100
"2833","returns",100
"2834","revere",100
"2835","review",100
"2836","rhode",100
"2837","ri6xowkij9",100
"2838","ri7j7thgmk",100
"2839","rich",100
"2840","rick",100
"2841","ridge",100
"2842","ridic",100
"2843","ridiculou",100
"2844","rig",100
"2845","riot",100
"2846","rips",100
"2847","riw0prwyno",100
"2848","rj",100
"2849","rjd",100
"2850","rk9jtjngsi",100
"2851","rkr7pb8rre",100
"2852","rkvzwzcksq",100
"2853","rlly",100
"2854","rn0cjcezwx",100
"2855","rnhfpjf9sd",100
"2856","rnskvexxex",100
"2857","rnuhh7jx0w",100
"2858","rnvdjjnugh",100
"2859","rob",100
"2860","rocketsvsgsw",100
"2861","roddy",100
"2862","rode",100
"2863","rodrigue",100
"2864","rolled",100
"2865","rolltide",100
"2866","roojtdfzsk",100
"2867","rookie",100
"2868","roomie",100
"2869","rooms",100
"2870","roped",100
"2871","rose_hoez",100
"2872","rosebowl",100
"2873","rossjirgl",100
"2874","rough",100
"2875","rounded",100
"2876","roundrocktim",100
"2877","rovgnm7yne",100
"2878","roxiezw",100
"2879","rpskq0bgkn",100
"2880","rrcbumkqbq",100
"2881","rrduhvwlwg",100
"2882","rrpyunhclc",100
"2883","rrsxwlschv",100
"2884","rtfn",100
"2885","rtgggr5swj",100
"2886","rtkkhvbpl5",100
"2887","rtnxcyexiw",100
"2888","ruff",100
"2889","rug",100
"2890","ruknxnproi",100
"2891","runs",100
"2892","rxii0ud0md",100
"2893","rxqoqpv9po",100
"2894","rxszpggeym",100
"2895","ry6lzc5xxr",100
"2896","ryder",100
"2897","ryqilkf9t6",100
"2898","ryxltw6mvh",100
"2899","s0",100
"2900","s50gdlxjmr",100
"2901","s6ubw5bnuu",100
"2902","sb",100
"2903","sbo",100
"2904","scenery",100
"2905","schmidt",100
"2906","schmucks",100
"2907","schneider",100
"2908","schoen",100
"2909","science",100
"2910","scj",100
"2911","scolded",100
"2912","screenshot",100
"2913","screenshots",100
"2914","screw",100
"2915","screws",100
"2916","sdlive",100
"2917","sds7xwujqo",100
"2918","seee",100
"2919","seeks",100
"2920","selected",100
"2921","selects",100
"2922","selfie",100
"2923","senjohnkennedy",100
"2924","sentences",100
"2925","sentient",100
"2926","sequence",100
"2927","serum",100
"2928","server",100
"2929","seth",100
"2930","setup",100
"2931","severely",100
"2932","sexiest",100
"2933","sf",100
"2934","sgvqnbsktu",100
"2935","sh0ws",100
"2936","ships",100
"2937","shipwreck",100
"2938","shirts",100
"2939","shleychupp",100
"2940","shn98sdzdc",100
"2941","shooked",100
"2942","shooketh",100
"2943","shoooook",100
"2944","shouldve",100
"2945","shtluybxhs",100
"2946","s√≠",100
"2947","sibu6rm87c",100
"2948","sien",100
"2949","sienne's",100
"2950","signs",100
"2951","sillyy_millie",100
"2952","silver",100
"2953","sio9bs5n7e",100
"2954","sir",100
"2955","sirens",100
"2956","siri",100
"2957","size",100
"2958","sjgc",100
"2959","sjzgfpthm0",100
"2960","skbbznvysz",100
"2961","skdkktm8w9",100
"2962","skeevy",100
"2963","sketchy",100
"2964","sketti",100
"2965","skol",100
"2966","skzfkp0utp",100
"2967","slc",100
"2968","sleeve",100
"2969","slice",100
"2970","slices",100
"2971","slicker",100
"2972","slip",100
"2973","slipped",100
"2974","slopes",100
"2975","slouchy",100
"2976","slurps",100
"2977","slurs",100
"2978","slut",100
"2979","sm7t60e0kv",100
"2980","smokies",100
"2981","smoothie",100
"2982","smoothies",100
"2983","smuirx0fvh",100
"2984","sn70vs7mzm",100
"2985","sn86oy8hnu",100
"2986","sneezes",100
"2987","snoooozefest",100
"2988","snowy",100
"2989","snuck",100
"2990","snuggie",100
"2991","snzsbqmkvw",100
"2992","spell",100
"2993","spemvcolcg",100
"2994","spends",100
"2995","spfeffer",100
"2996","sphhgftphl",100
"2997","spicy",100
"2998","spilled",100
"2999","spilt",100
"3000","spirt",100
"3001","splur",100
"3002","splurge",100
"3003","spoil",100
"3004","spoils",100
"3005","spooky",100
"3006","spotted",100
"3007","sprung",100
"3008","spurs",100
"3009","spursup",100
"3010","sq9kyldxdp",100
"3011","squeebs",100
"3012","sr",100
"3013","sr0xhjxqw0",100
"3014","srvfnr9ysk",100
"3015","srzwilptih",100
"3016","steelers",100
"3017","stem",100
"3018","stereotype",100
"3019","stevie_moyles",100
"3020","sti",100
"3021","stiller",100
"3022","stirred",100
"3023","str8",100
"3024","stresses",100
"3025","stressful",100
"3026","strictly",100
"3027","strike",100
"3028","strip",100
"3029","stripe",100
"3030","stripper",100
"3031","strips",100
"3032","students",100
"3033","studyi",100
"3034","studyup",100
"3035","stuffed",100
"3036","stuffs",100
"3037","stumble",100
"3038","stupidest",100
"3039","styled",100
"3040","su",100
"3041","sub",100
"3042","subplot",100
"3043","subtle",100
"3044","subtly",100
"3045","suc",100
"3046","succeed",100
"3047","success",100
"3048","sucker",100
"3049","suckered",100
"3050","suckers",100
"3051","sucky",100
"3052","suffer",100
"3053","suffers",100
"3054","suggest",100
"3055","suggested",100
"3056","sum",100
"3057","sunny",100
"3058","sunset",100
"3059","sunshi",100
"3060","suppo",100
"3061","surely",100
"3062","survive",100
"3063","suuuuuuch",100
"3064","suuuuuuper",100
"3065","svershbow",100
"3066","svlocqjuco",100
"3067","swim",100
"3068","swylzzcenm",100
"3069","sxctj9snrc",100
"3070","sxjcfpn5v5",100
"3071","sxmsb0m5wt",100
"3072","sxswyquxb9",100
"3073","sy9c8gqjky",100
"3074","sybill",100
"3075","sydney",100
"3076","syefibsrfe",100
"3077","symbolicsides",100
"3078","syrum",100
"3079","szefdej8ym",100
"3080","szot8jpfjo",100
"3081","szrxqiwwtj",100
"3082","sztfygxnge",100
"3083","sztyioeiib",100
"3084","t.v",100
"3085","t6xgslrgip",100
"3086","t7o5rmrbrg",100
"3087","t8ujmmhqnn",100
"3088","t9b0msbztg",100
"3089","tbc8i8cm6f",100
"3090","tbqh",100
"3091","tbt",100
"3092","tch",100
"3093","tcpsgvbjze",100
"3094","tcv",100
"3095","technique",100
"3096","tee",100
"3097","teen",100
"3098","teens",100
"3099","teensy",100
"3100","teeny",100
"3101","telescope",100
"3102","temper",100
"3103","temple",100
"3104","tent",100
"3105","tercell98",100
"3106","tests",100
"3107","teujllllrq",100
"3108","tew",100
"3109","texkjfz5kt",100
"3110","tf85c7kkuk",100
"3111","tfw",100
"3112","tfy07zeohd",100
"3113","th0se",100
"3114","thick",100
"3115","thigh",100
"3116","thirst",100
"3117","thomz0rz",100
"3118","thoooo",100
"3119","thooooo",100
"3120","thqewtuxnk",100
"3121","thre",100
"3122","thrives",100
"3123","thro",100
"3124","throws",100
"3125","thugs",100
"3126","thumb",100
"3127","ticked",100
"3128","tickles",100
"3129","tiempo",100
"3130","tiene",100
"3131","tiers",100
"3132","tight",100
"3133","timtebow",100
"3134","tipsy",100
"3135","tires",100
"3136","tj",100
"3137","tkcztsgvzv",100
"3138","tmptteeczf",100
"3139","tn",100
"3140","tnlbt9ivdy",100
"3141","tnnexqywrz",100
"3142","tql6lprpgp",100
"3143","tqvj9dxob0",100
"3144","tree",100
"3145","trigger",100
"3146","trolololololol",100
"3147","trophies",100
"3148","trophy",100
"3149","troubles",100
"3150","trtynnwlqz",100
"3151","truelove",100
"3152","truffleboy",100
"3153","truly_eri",100
"3154","trump's",100
"3155","trump‚Äôs",100
"3156","truthfully",100
"3157","tsbdtelnkh",100
"3158","tsyy5n5guy",100
"3159","ttd0s5wfyf",100
"3160","ttg",100
"3161","ttuzjm0tfs",100
"3162","tu6svyzh57",100
"3163","tubs",100
"3164","tugmxfjozm",100
"3165","tujmdvbgf0",100
"3166","tun",100
"3167","turtles",100
"3168","tuufgiu7vi",100
"3169","tuvo",100
"3170","tux",100
"3171","tvnrhz7ybw",100
"3172","tvx0cffggy",100
"3173","twmmkzbwxw",100
"3174","twp0pn7ztw",100
"3175","tx5ntlbhfu",100
"3176","tzxtuhzkom",100
"3177","u0zqjhdtug",100
"3178","u6kzv5sf9x",100
"3179","u900w8hhnq",100
"3180","u9sjjytpi5",100
"3181","ubi5nwq9nt",100
"3182","uck",100
"3183","ucotfnxj6m",100
"3184","udjzgw6db7",100
"3185","ueg05ovd77",100
"3186","ug",100
"3187","uge7t0bzd0",100
"3188","ugggggghhh",100
"3189","uggghh",100
"3190","uggh",100
"3191","ughhh",100
"3192","ughhhhhhhhhhh",100
"3193","ugkmwoo8wf",100
"3194","uhhhhhm",100
"3195","uiqwutubnd",100
"3196","uivemi5sym",100
"3197","uiwu96mzsn",100
"3198","uk",100
"3199","ukub5hn6tr",100
"3200","ukwpnc9kwl",100
"3201","ukx9twufn6",100
"3202","ul6hvrgzp9",100
"3203","ulqhh7hzsn",100
"3204","ummmmm",100
"3205","umtrey",100
"3206","uncom",100
"3207","unemployed",100
"3208","unfold",100
"3209","unfolded",100
"3210","unfolds",100
"3211","unfollow",100
"3212","unique",100
"3213","universe",100
"3214","unl",100
"3215","unquote",100
"3216","unsee",100
"3217","unsettled",100
"3218","unsuccessful",100
"3219","unsure",100
"3220","uocugub8wk",100
"3221","upbpkns5uo",100
"3222","uppppp",100
"3223","upsh6xmh5b",100
"3224","upside",100
"3225","urgent",100
"3226","urkvuddte5",100
"3227","ut9bjiolhy",100
"3228","uttered",100
"3229","utterly",100
"3230","uvbvjipv9n",100
"3231","uvcqdkknvu",100
"3232","uveijnmrwq",100
"3233","uvfm6qzllm",100
"3234","uvgvyj6pm0",100
"3235","uvohbdhnsq",100
"3236","uwjpzfnz9p",100
"3237","uwqr0rlijd",100
"3238","uxqsck8ikx",100
"3239","uxtpfmgc0g",100
"3240","uyrlvhbxcm",100
"3241","uz8z6pimgk",100
"3242","v0xjud7ksz",100
"3243","v0xo9n78br",100
"3244","v8uw7ybsez",100
"3245","vbcoqenjuy",100
"3246","vc5bq5pvs5",100
"3247","vczbredkji",100
"3248","veggie",100
"3249","venture",100
"3250","vey",100
"3251","vez",100
"3252","vf9o8elvmg",100
"3253","vgbtsxxyku",100
"3254","vge",100
"3255","vhuvmblelu",100
"3256","vicgbx8v7e",100
"3257","victim",100
"3258","vid",100
"3259","viekrss7di",100
"3260","viernes",100
"3261","view",100
"3262","violence",100
"3263","violent",100
"3264","virtue",100
"3265","vjkt8wwbxf",100
"3266","vjywyhtccb",100
"3267","vlog",100
"3268","vmltbbhn0u",100
"3269","vn8cqlbwjf",100
"3270","vpukxu9hr8",100
"3271","vs59s5z0k7",100
"3272","vsdgkpdhwj",100
"3273","vsi7ncxhlz",100
"3274","vtijchm7s6",100
"3275","vvpc77dphy",100
"3276","vxhk8ywlz9",100
"3277","vxmltknr9b",100
"3278","vycvjpp8nb",100
"3279","vzmcjwrnlb",100
"3280","w_mote50",100
"3281","w5cpgidp6w",100
"3282","w8bteoziv0",100
"3283","w8rkpxmw6i",100
"3284","wblologwiw",100
"3285","wbwjzc0dvw",100
"3286","wcbsfm",100
"3287","wclcihxshz",100
"3288","wdk990xukd",100
"3289","wfskguzx7s",100
"3290","wfyksnkzh7",100
"3291","wgbpgjpmsv",100
"3292","wger0uliy0",100
"3293","wgfzzhufbb",100
"3294","wgglqmkfww",100
"3295","wgngxlrjop",100
"3296","wh",100
"3297","whf9gedcyw",100
"3298","whilst",100
"3299","whrgfzssym",100
"3300","whvseyervw",100
"3301","wicxz0ppse",100
"3302","widely",100
"3303","wider",100
"3304","wiggum",100
"3305","wiht",100
"3306","wilddddd",100
"3307","wilderness",100
"3308","wildly",100
"3309","wimp",100
"3310","wirex",100
"3311","wirh",100
"3312","wives",100
"3313","wixxy‚Äôs",100
"3314","wj8uvue67s",100
"3315","wjjscjpvuq",100
"3316","wkqdndxqsy",100
"3317","wks",100
"3318","wle0zndewt",100
"3319","wllkhxm6dx",100
"3320","wlw88oegrm",100
"3321","wmltc5o8yf",100
"3322","wn5kpxckeu",100
"3323","wolf",100
"3324","woohoo",100
"3325","wooooow",100
"3326","woopig",100
"3327","wound",100
"3328","wounded",100
"3329","wounds",100
"3330","wowow",100
"3331","wpgvfll8nd",100
"3332","wqpukssnmc",100
"3333","wrestle",100
"3334","wtb",100
"3335","wtfff",100
"3336","wuh",100
"3337","wvhfgkrxu8",100
"3338","wvjcomhrkf",100
"3339","ww",100
"3340","wwilksy6nv",100
"3341","wwjd",100
"3342","wwrrd",100
"3343","wwwwwwwww",100
"3344","wxfrcqqbji",100
"3345","wxrpeulkpu",100
"3346","wyicw77xw0",100
"3347","wyuxlq7ice",100
"3348","wzjkfvjt6w",100
"3349","x",100
"3350","x0foefpzx6",100
"3351","xbrlxzlyez",100
"3352","xdgqhcfeii",100
"3353","xehqpzunqo",100
"3354","xfkcfictf5",100
"3355","xg5q0w6wf7",100
"3356","xgjjhp6shk",100
"3357","xgrhcxp0pi",100
"3358","xhvc98ctqu",100
"3359","xielopez",100
"3360","xiqcbqzzjr",100
"3361","xjn9qwflio",100
"3362","xkcx6fu80f",100
"3363","xlodbvwybg",100
"3364","xmpehjcwws",100
"3365","xokkwy6nw5",100
"3366","xovdzyg5o9",100
"3367","xoxoxo",100
"3368","xpnhyrefde",100
"3369","xpqlkwvucc",100
"3370","xpqmw7mlh7",100
"3371","xputxwdnnx",100
"3372","xqemtrlpui",100
"3373","xrko8z6qcv",100
"3374","xrp",100
"3375","xscdxopzgq",100
"3376","xscfjvjjj8",100
"3377","xsci6f0rxo",100
"3378","xsdqzi0idf",100
"3379","xswhzbj7pg",100
"3380","xtchnvw0jv",100
"3381","xtwshohyuu",100
"3382","xu76vrzmgd",100
"3383","xunwsevxlz",100
"3384","xvylxqpxz0",100
"3385","xwds877cxc",100
"3386","xxgfwbtgyp",100
"3387","xxuduzffnj",100
"3388","y5p7ogm7rq",100
"3389","y7wkwipucw",100
"3390","y7x79o6bim",100
"3391","y8ydeottle",100
"3392","y9iuikqtqz",100
"3393","ybpytgrbjo",100
"3394","ybtfi7qsrh",100
"3395","ycxcvrptsi",100
"3396","ydz78xvtpq",100
"3397","yessssssss",100
"3398","yeti",100
"3399","yewirudq9b",100
"3400","ygd66gnxch",100
"3401","yjl6tdnn6p",100
"3402","yjrpbrznlc",100
"3403","ykvsetzbry",100
"3404","yldebgcg6t",100
"3405","ymnncbvsev",100
"3406","ynwne0cwr5",100
"3407","yogi",100
"3408","yogurt",100
"3409","yoi",100
"3410","yoo",100
"3411","yooo",100
"3412","yoooo",100
"3413","yooooo",100
"3414","yoooooo",100
"3415","yoyrztwiie",100
"3416","ypgeyoeji7",100
"3417","yqthrxzslw",100
"3418","yrtjptednh",100
"3419","ytsqthvsez",100
"3420","ywqxubj87k",100
"3421","yxgeeuu66x",100
"3422","yzkpmxymfq",100
"3423","z0zpwj5urr",100
"3424","zbwgrir6kv",100
"3425","zclbvs5wo7",100
"3426","zcnmb7mnyt",100
"3427","zczp7f6dcs",100
"3428","zdhfbbioti",100
"3429","zdlrve6feq",100
"3430","zenjrsknmq",100
"3431","zfekufdmoj",100
"3432","zfmsgqzj6k",100
"3433","zgeqpfkjsd",100
"3434","zgsrcsvgpq",100
"3435","zh0wmhxbkk",100
"3436","zhyldqbkns",100
"3437","zip",100
"3438","zjq0f8xpxh",100
"3439","zkky6urohr",100
"3440","zkyccdup6c",100
"3441","zkzht5cxmd",100
"3442","zlft5jbzzn",100
"3443","zlmrhhtmdu",100
"3444","znizwwnyzh",100
"3445","zoo",100
"3446","zpqhkkfxph",100
"3447","zpzwb5qutu",100
"3448","zqtxvthyyb",100
"3449","zrflr9ggcg",100
"3450","zrm08xnfiu",100
"3451","zs0cyzyo0f",100
"3452","zsdqmw0buj",100
"3453","zspw0kjjez",100
"3454","ztgqqgwqn7",100
"3455","zu7tynbfwg",100
"3456","zuketqu0pf",100
"3457","zvxlxcoovr",100
"3458","zwkwxntq5z",100
"3459","zwyhcqf5pv",100
"3460","zypsvk0xjt",100
"3461","zywwxbkole",100
"3462","zzlm76mbuj",100
